NASDAQ:AAPL,,NASDAQ: NVDA,,NASDAQ: MSFT,
Date,Close,Date,Close,Date,Close
02/01/2025,243.85,02/01/2025,138.31,02/01/2025,418.58
03/01/2025,243.36,03/01/2025,144.47,03/01/2025,423.35
06/01/2025,245,06/01/2025,149.43,06/01/2025,427.85
07/01/2025,242.21,07/01/2025,140.14,07/01/2025,422.37
08/01/2025,242.7,08/01/2025,140.11,08/01/2025,424.56
10/01/2025,236.85,10/01/2025,135.91,10/01/2025,418.95
13/01/2025,234.4,13/01/2025,133.23,13/01/2025,417.19
14/01/2025,233.28,14/01/2025,131.76,14/01/2025,415.67
15/01/2025,237.87,15/01/2025,136.24,15/01/2025,426.31
16/01/2025,228.26,16/01/2025,133.57,16/01/2025,424.58
17/01/2025,229.98,17/01/2025,137.71,17/01/2025,429.03
21/01/2025,222.64,21/01/2025,140.83,21/01/2025,428.5
22/01/2025,223.83,22/01/2025,147.07,22/01/2025,446.2
23/01/2025,223.66,23/01/2025,147.22,23/01/2025,446.71
24/01/2025,222.78,24/01/2025,142.62,24/01/2025,444.06
27/01/2025,229.86,27/01/2025,118.42,27/01/2025,434.56
28/01/2025,238.26,28/01/2025,128.99,28/01/2025,447.2
29/01/2025,239.36,29/01/2025,123.7,29/01/2025,442.33
30/01/2025,237.59,30/01/2025,124.65,30/01/2025,414.99
31/01/2025,236,31/01/2025,120.07,31/01/2025,415.06
03/02/2025,228.01,03/02/2025,116.66,03/02/2025,410.92
04/02/2025,232.8,04/02/2025,118.65,04/02/2025,412.37
05/02/2025,232.47,05/02/2025,124.83,05/02/2025,413.29
06/02/2025,233.22,06/02/2025,128.68,06/02/2025,415.82
07/02/2025,227.63,07/02/2025,129.84,07/02/2025,409.75
10/02/2025,227.65,10/02/2025,133.57,10/02/2025,412.22
11/02/2025,232.62,11/02/2025,132.8,11/02/2025,411.44
12/02/2025,236.87,12/02/2025,131.14,12/02/2025,409.04
13/02/2025,241.53,13/02/2025,135.29,13/02/2025,410.54
14/02/2025,244.6,14/02/2025,138.85,14/02/2025,408.43
18/02/2025,244.47,18/02/2025,139.4,18/02/2025,409.64
19/02/2025,244.87,19/02/2025,139.23,19/02/2025,414.77
20/02/2025,245.83,20/02/2025,140.11,20/02/2025,416.13
21/02/2025,245.55,21/02/2025,134.43,21/02/2025,408.21
24/02/2025,247.1,24/02/2025,130.28,24/02/2025,404
25/02/2025,247.04,25/02/2025,126.63,25/02/2025,397.9
26/02/2025,240.36,26/02/2025,131.28,26/02/2025,399.73
27/02/2025,237.3,27/02/2025,120.15,27/02/2025,392.53
28/02/2025,241.84,28/02/2025,124.92,28/02/2025,396.99
03/03/2025,238.03,03/03/2025,114.06,03/03/2025,388.49
04/03/2025,235.93,04/03/2025,115.99,04/03/2025,388.61
05/03/2025,235.74,05/03/2025,117.3,05/03/2025,401.02
06/03/2025,235.33,06/03/2025,110.57,06/03/2025,396.89
07/03/2025,239.07,07/03/2025,112.69,07/03/2025,393.31
10/03/2025,227.48,10/03/2025,106.98,10/03/2025,380.16
11/03/2025,220.84,11/03/2025,108.76,11/03/2025,380.45
12/03/2025,216.98,12/03/2025,115.74,12/03/2025,383.27
13/03/2025,209.68,13/03/2025,115.58,13/03/2025,378.77
14/03/2025,213.49,14/03/2025,121.67,14/03/2025,388.56
17/03/2025,214,17/03/2025,119.53,17/03/2025,388.7
18/03/2025,212.69,18/03/2025,115.43,18/03/2025,383.52
19/03/2025,215.24,19/03/2025,117.52,19/03/2025,387.82
20/03/2025,214.1,20/03/2025,118.53,20/03/2025,386.84
21/03/2025,218.27,21/03/2025,117.7,21/03/2025,391.26
24/03/2025,220.73,24/03/2025,121.41,24/03/2025,393.08
25/03/2025,223.75,25/03/2025,120.69,25/03/2025,395.16
26/03/2025,221.53,26/03/2025,113.76,26/03/2025,389.97
27/03/2025,223.85,27/03/2025,111.43,27/03/2025,390.58
28/03/2025,217.9,28/03/2025,109.67,28/03/2025,378.8
31/03/2025,222.13,31/03/2025,108.38,31/03/2025,375.39
01/04/2025,223.19,01/04/2025,110.15,01/04/2025,382.19
02/04/2025,223.89,02/04/2025,110.42,02/04/2025,382.14
03/04/2025,203.19,03/04/2025,101.8,03/04/2025,373.11
04/04/2025,188.38,04/04/2025,94.31,04/04/2025,359.84
07/04/2025,181.46,07/04/2025,97.64,07/04/2025,357.86
08/04/2025,172.42,08/04/2025,96.3,08/04/2025,354.56
09/04/2025,198.85,09/04/2025,114.33,09/04/2025,390.49
10/04/2025,190.42,10/04/2025,107.57,10/04/2025,381.35
11/04/2025,198.15,11/04/2025,110.93,11/04/2025,388.45
14/04/2025,202.52,14/04/2025,110.71,14/04/2025,387.81
15/04/2025,202.14,15/04/2025,112.2,15/04/2025,385.73
16/04/2025,194.27,16/04/2025,104.49,16/04/2025,371.61
17/04/2025,196.98,17/04/2025,101.49,17/04/2025,367.78
21/04/2025,193.16,21/04/2025,96.91,21/04/2025,359.12
22/04/2025,199.74,22/04/2025,98.89,22/04/2025,366.82
23/04/2025,204.6,23/04/2025,102.71,23/04/2025,374.39
24/04/2025,208.37,24/04/2025,106.43,24/04/2025,387.3
25/04/2025,209.28,25/04/2025,111.01,25/04/2025,391.85
28/04/2025,210.14,28/04/2025,108.73,28/04/2025,391.16
29/04/2025,211.21,29/04/2025,109.02,29/04/2025,394.04
30/04/2025,212.5,30/04/2025,108.92,30/04/2025,395.26
01/05/2025,213.32,01/05/2025,111.61,01/05/2025,425.4
02/05/2025,205.35,02/05/2025,114.5,02/05/2025,435.28
05/05/2025,198.89,05/05/2025,113.82,05/05/2025,436.17
06/05/2025,198.51,06/05/2025,113.54,06/05/2025,433.31
07/05/2025,196.25,07/05/2025,117.06,07/05/2025,433.35
08/05/2025,197.49,08/05/2025,117.37,08/05/2025,438.17
09/05/2025,198.53,09/05/2025,116.65,09/05/2025,438.73
12/05/2025,210.79,12/05/2025,123,12/05/2025,449.26
13/05/2025,212.93,13/05/2025,129.93,13/05/2025,449.14
14/05/2025,212.33,14/05/2025,135.34,14/05/2025,452.94
15/05/2025,211.45,15/05/2025,134.83,15/05/2025,453.13
16/05/2025,211.26,16/05/2025,135.4,16/05/2025,454.27
19/05/2025,208.78,19/05/2025,135.57,19/05/2025,458.87
20/05/2025,206.86,20/05/2025,134.38,20/05/2025,458.17
21/05/2025,202.09,21/05/2025,131.8,21/05/2025,452.57
22/05/2025,202.09,22/05/2025,131.8,22/05/2025,454.86
23/05/2025,195.27,23/05/2025,131.29,23/05/2025,450.18
27/05/2025,200.21,27/05/2025,135.5,27/05/2025,460.69
28/05/2025,200.42,28/05/2025,134.81,28/05/2025,457.36
29/05/2025,199.95,29/05/2025,139.19,29/05/2025,458.68
30/05/2025,200.85,30/05/2025,135.13,30/05/2025,460.36
02/06/2025,201.7,02/06/2025,137.38,02/06/2025,461.97
03/06/2025,203.27,03/06/2025,141.22,03/06/2025,462.97
04/06/2025,202.82,04/06/2025,141.92,04/06/2025,463.87
05/06/2025,200.63,05/06/2025,139.99,05/06/2025,467.68
06/06/2025,203.92,06/06/2025,141.72,06/06/2025,470.38
09/06/2025,201.45,09/06/2025,142.63,09/06/2025,472.75
10/06/2025,202.67,10/06/2025,143.96,10/06/2025,470.92
11/06/2025,198.78,11/06/2025,142.83,11/06/2025,472.62
12/06/2025,199.2,12/06/2025,145,12/06/2025,478.87
13/06/2025,196.45,13/06/2025,141.97,13/06/2025,474.96
16/06/2025,198.42,16/06/2025,144.69,16/06/2025,479.14
17/06/2025,195.64,17/06/2025,144.12,17/06/2025,478.04
18/06/2025,196.58,18/06/2025,145.48,18/06/2025,480.24
20/06/2025,201,20/06/2025,143.85,20/06/2025,477.4
23/06/2025,201.5,23/06/2025,144.17,23/06/2025,486
24/06/2025,200.3,24/06/2025,147.9,24/06/2025,490.11
25/06/2025,201.56,25/06/2025,154.31,25/06/2025,492.27
26/06/2025,201,26/06/2025,155.02,26/06/2025,497.45
27/06/2025,201.08,27/06/2025,157.75,27/06/2025,495.94
30/06/2025,205.17,30/06/2025,157.99,30/06/2025,497.41
01/07/2025,207.82,01/07/2025,153.3,01/07/2025,492.05
02/07/2025,212.44,02/07/2025,157.25,02/07/2025,491.09
03/07/2025,213.55,03/07/2025,159.34,03/07/2025,498.84
07/07/2025,209.95,07/07/2025,158.24,07/07/2025,497.72
08/07/2025,210.01,08/07/2025,160,08/07/2025,496.62
09/07/2025,211.14,09/07/2025,162.88,09/07/2025,503.51
10/07/2025,212.41,10/07/2025,164.1,10/07/2025,501.48
11/07/2025,211.16,11/07/2025,164.92,11/07/2025,503.32
14/07/2025,208.62,14/07/2025,164.07,14/07/2025,503.02
15/07/2025,209.11,15/07/2025,170.7,15/07/2025,505.82
16/07/2025,210.16,16/07/2025,171.37,16/07/2025,505.62
17/07/2025,210.02,17/07/2025,173,17/07/2025,511.7
18/07/2025,211.18,18/07/2025,172.41,18/07/2025,510.05
21/07/2025,212.48,21/07/2025,171.38,21/07/2025,510.06
22/07/2025,214.4,22/07/2025,167.03,22/07/2025,505.27
23/07/2025,214.15,23/07/2025,170.78,23/07/2025,505.87
24/07/2025,213.76,24/07/2025,173.74,24/07/2025,510.88
25/07/2025,213.88,25/07/2025,173.5,25/07/2025,513.71
28/07/2025,214.05,28/07/2025,176.75,28/07/2025,512.5
29/07/2025,211.27,29/07/2025,175.51,29/07/2025,512.57
30/07/2025,209.05,30/07/2025,179.27,30/07/2025,513.24
31/07/2025,207.57,31/07/2025,177.87,31/07/2025,533.5
01/08/2025,202.38,01/08/2025,173.72,01/08/2025,524.11
04/08/2025,203.35,04/08/2025,180,04/08/2025,535.64
05/08/2025,202.92,05/08/2025,178.26,05/08/2025,527.75
06/08/2025,213.25,06/08/2025,179.42,06/08/2025,524.94
07/08/2025,220.03,07/08/2025,180.77,07/08/2025,520.84
08/08/2025,229.35,08/08/2025,182.7,08/08/2025,522.04
11/08/2025,227.18,11/08/2025,182.06,11/08/2025,521.77
12/08/2025,229.65,12/08/2025,183.16,12/08/2025,529.24
13/08/2025,233.33,13/08/2025,181.59,13/08/2025,520.58
14/08/2025,232.78,14/08/2025,182.02,14/08/2025,522.48
15/08/2025,231.59,15/08/2025,180.45,15/08/2025,520.17
18/08/2025,230.89,18/08/2025,182.01,18/08/2025,517.1
19/08/2025,230.56,19/08/2025,175.64,19/08/2025,509.77
20/08/2025,226.01,20/08/2025,175.4,20/08/2025,505.72
21/08/2025,224.9,21/08/2025,174.98,21/08/2025,504.24
22/08/2025,227.76,22/08/2025,177.99,22/08/2025,507.23
25/08/2025,227.16,28/08/2025,180.17,25/08/2025,504.26
26/08/2025,229.31,29/08/2025,174.18,26/08/2025,502.04
27/08/2025,230.49,02/09/2025,170.78,27/08/2025,506.74
28/08/2025,232.56,03/09/2025,170.62,28/08/2025,509.64
29/08/2025,232.14,04/09/2025,171.66,29/08/2025,506.69
02/09/2025,229.72,05/09/2025,167.02,02/09/2025,505.12
03/09/2025,238.47,08/09/2025,168.31,03/09/2025,505.35
04/09/2025,239.78,09/09/2025,170.76,04/09/2025,507.97
05/09/2025,239.69,10/09/2025,177.33,05/09/2025,495
08/09/2025,237.88,11/09/2025,177.17,08/09/2025,498.2
09/09/2025,234.35,12/09/2025,177.82,09/09/2025,498.41
10/09/2025,226.79,15/09/2025,177.75,10/09/2025,500.37
11/09/2025,230.03,16/09/2025,174.88,11/09/2025,501.01
12/09/2025,234.07,17/09/2025,170.29,12/09/2025,509.9
15/09/2025,236.7,18/09/2025,176.24,15/09/2025,515.36
16/09/2025,238.15,19/09/2025,176.67,16/09/2025,509.04
17/09/2025,238.99,22/09/2025,183.61,17/09/2025,510.02
18/09/2025,237.88,23/09/2025,178.43,18/09/2025,508.45
19/09/2025,245.5,24/09/2025,176.97,19/09/2025,517.93
22/09/2025,256.08,25/09/2025,177.69,22/09/2025,514.45
23/09/2025,254.43,26/09/2025,178.19,23/09/2025,509.23
24/09/2025,252.31,29/09/2025,181.85,24/09/2025,510.15
25/09/2025,256.87,30/09/2025,186.58,25/09/2025,507.03
26/09/2025,255.46,01/10/2025,187.24,26/09/2025,511.46
29/09/2025,254.43,02/10/2025,188.89,29/09/2025,514.6
30/09/2025,254.63,03/10/2025,187.62,30/09/2025,517.95
01/10/2025,255.45,06/10/2025,185.54,01/10/2025,519.71
02/10/2025,257.13,07/10/2025,185.04,02/10/2025,515.74
03/10/2025,258.02,08/10/2025,189.11,03/10/2025,517.35
06/10/2025,256.69,09/10/2025,192.57,06/10/2025,528.57
07/10/2025,256.48,10/10/2025,183.16,07/10/2025,523.98
08/10/2025,258.06,13/10/2025,188.32,08/10/2025,524.85
09/10/2025,254.04,14/10/2025,180.03,09/10/2025,522.4
10/10/2025,245.27,15/10/2025,179.83,10/10/2025,510.96
13/10/2025,247.66,16/10/2025,181.81,13/10/2025,514.05
14/10/2025,247.77,17/10/2025,183.22,14/10/2025,513.57
15/10/2025,249.34,20/10/2025,182.64,15/10/2025,513.43
16/10/2025,247.45,21/10/2025,181.16,16/10/2025,511.61
17/10/2025,252.29,22/10/2025,180.28,17/10/2025,513.58
20/10/2025,262.24,23/10/2025,182.16,20/10/2025,516.79
21/10/2025,262.77,24/10/2025,186.26,21/10/2025,517.66
22/10/2025,258.45,27/10/2025,191.49,22/10/2025,520.54
23/10/2025,259.58,28/10/2025,201.03,23/10/2025,520.56
24/10/2025,262.82,29/10/2025,207.04,24/10/2025,523.61
27/10/2025,268.81,30/10/2025,202.89,27/10/2025,531.52
28/10/2025,269,31/10/2025,202.49,28/10/2025,542.07
29/10/2025,269.7,03/11/2025,206.88,29/10/2025,541.55
30/10/2025,271.4,04/11/2025,198.69,30/10/2025,525.76
31/10/2025,270.37,05/11/2025,195.21,31/10/2025,517.81
03/11/2025,269.05,06/11/2025,188.08,03/11/2025,517.03
04/11/2025,270.04,07/11/2025,188.15,04/11/2025,514.33
05/11/2025,270.14,10/11/2025,199.05,05/11/2025,507.16
06/11/2025,269.77,11/11/2025,193.16,06/11/2025,497.1
07/11/2025,268.47,12/11/2025,193.8,07/11/2025,496.82
10/11/2025,269.43,13/11/2025,186.86,10/11/2025,506
11/11/2025,275.25,14/11/2025,190.17,11/11/2025,508.68
12/11/2025,273.47,17/11/2025,186.6,12/11/2025,511.14
13/11/2025,272.95,18/11/2025,181.36,13/11/2025,503.29
14/11/2025,272.41,19/11/2025,186.52,14/11/2025,510.18
17/11/2025,267.46,20/11/2025,180.64,17/11/2025,507.49
18/11/2025,267.44,21/11/2025,178.88,18/11/2025,493.79
19/11/2025,268.56,24/11/2025,182.55,19/11/2025,487.12
20/11/2025,266.25,25/11/2025,177.82,20/11/2025,478.43
21/11/2025,271.49,26/11/2025,180.26,21/11/2025,472.12
24/11/2025,275.92,28/11/2025,177,24/11/2025,474
25/11/2025,276.97,01/12/2025,179.92,25/11/2025,476.99
26/11/2025,277.55,02/12/2025,181.46,26/11/2025,485.5
28/11/2025,278.85,03/12/2025,179.59,28/11/2025,492.01
01/12/2025,283.1,04/12/2025,183.38,01/12/2025,486.74
02/12/2025,286.19,05/12/2025,182.41,02/12/2025,490
03/12/2025,284.15,08/12/2025,185.55,03/12/2025,477.73
04/12/2025,280.7,09/12/2025,184.97,04/12/2025,480.84
05/12/2025,278.78,10/12/2025,183.78,05/12/2025,483.16
08/12/2025,277.89,11/12/2025,180.93,08/12/2025,491.02
09/12/2025,277.18,12/12/2025,175.02,09/12/2025,492.02
10/12/2025,278.78,15/12/2025,176.29,10/12/2025,478.56
11/12/2025,278.03,16/12/2025,177.72,11/12/2025,483.47
12/12/2025,278.28,17/12/2025,170.94,12/12/2025,478.53
15/12/2025,274.11,18/12/2025,174.14,15/12/2025,474.82
16/12/2025,274.61,19/12/2025,180.99,16/12/2025,476.39
17/12/2025,271.84,22/12/2025,183.69,17/12/2025,476.12
18/12/2025,272.19,23/12/2025,189.21,18/12/2025,483.98
19/12/2025,273.67,24/12/2025,188.61,19/12/2025,485.92
22/12/2025,270.97,26/12/2025,190.53,22/12/2025,484.92
23/12/2025,272.36,29/12/2025,188.22,23/12/2025,486.85
24/12/2025,273.81,30/12/2025,187.54,24/12/2025,488.02
26/12/2025,273.4,31/12/2025,186.5,26/12/2025,487.71
29/12/2025,273.76,,,29/12/2025,487.1
30/12/2025,273.08,,,30/12/2025,487.48
31/12/2025,271.86,,,31/12/2025,483.62